nr,longitude,latitude
1050,12.58600133,55.68065246
1051,12.59022696,55.6798377
1052,12.58954953,55.67906706
1053,12.59073024,55.67798554
1054,12.58906639,55.67763459
1055,12.58807383,55.67723256
1056,12.58793902,55.67946993
1057,12.58959143,55.67833309
1058,12.58792693,55.67595336
1059,12.58672365,55.67675239
1060,12.5837984,55.67651434
1061,12.5810871,55.67749602
1062,12.5820684,55.67745504
1063,12.58481601,55.67812648
1064,12.58421619,55.67855701
1065,12.58120927,55.67792419
1066,12.58283658,55.67738024
1067,12.58180816,55.67872776
1068,12.58355191,55.67746813
1069,12.58417532,55.67777633
1070,12.58352498,55.67881568
1071,12.58375053,55.67826694
1072,12.58065996,55.67845615
1073,12.58060115,55.67878677
1074,12.5835962,55.67941235
1100,12.58283276,55.67989336
1101,12.5831775,55.68044771
1102,12.58279789,55.68084435
1103,12.58412972,55.68076455
1104,12.58393567,55.68124172
1105,12.58212355,55.68003329
1106,12.58120094,55.68045276
1107,12.58319268,55.68161934
1110,12.5818153,55.68146481
1111,12.58080608,55.68219996
1112,12.57974966,55.68123981
1113,12.58017369,55.68001592
1114,12.57891556,55.68069802
1115,12.5782846,55.68103123
1116,12.58005882,55.68222456
1117,12.58157142,55.6810324
1118,12.58080964,55.68104247
1119,12.57714609,55.6823894
1120,12.57870875,55.68236562
1121,12.57891573,55.68277836
1122,12.57978841,55.68253368
1123,12.57745579,55.68426232
1124,12.57689183,55.68303024
1125,12.5763264,55.6824351
1126,12.57516001,55.68230152
1127,12.57557089,55.68291443
1128,12.57473787,55.68282201
1129,12.57433901,55.68317382
1130,12.57364349,55.68337542
1131,12.5738097,55.68385549
1150,12.57713782,55.68116195
1151,12.57640167,55.67925834
1152,12.57705358,55.68037643
1153,12.57741313,55.67913736
1154,12.5758435,55.67961793
1155,12.57544104,55.68007367
1156,12.57530761,55.67957221
1157,12.57544281,55.67907168
1158,12.57361214,55.67861951
1159,12.57608635,55.68077513
1160,12.57872573,55.67891577
1161,12.57562704,55.67849122
1162,12.57424006,55.67892784
1164,12.57338344,55.67826381
1165,12.57068192,55.68076308
1166,12.57281215,55.67899335
1167,12.57155172,55.6791299
1168,12.57235905,55.67990118
1169,12.57454621,55.680565
1170,12.57446263,55.68008905
1171,12.57230844,55.68176293
1172,12.5736165,55.68095745
1173,12.57365135,55.68174413
1174,12.5724811,55.68241134
1175,12.57414508,55.68255536
1200,12.5798222,55.67820341
1201,12.57787668,55.67813397
1202,12.57894282,55.6777881
1203,12.57680004,55.6765462
1204,12.57548042,55.67653214
1205,12.57678089,55.67723642
1206,12.57706457,55.67754793
1207,12.57661838,55.67810969
1208,12.57500757,55.6769724
1209,12.57572903,55.67789078
1210,12.57425967,55.67809804
1211,12.5742407,55.67746346
1212,12.57874486,55.6770308
1213,12.57779783,55.67665117
1214,12.57975543,55.67457161
1215,12.58576691,55.67544188
1216,12.58304021,55.67524053
1218,12.58039426,55.67606465
1219,12.58340336,55.67370675
1220,12.57862049,55.67358331
1221,12.58192337,55.67283897
1250,12.58975823,55.68202801
1251,12.59498748,55.67960602
1252,12.59617117,55.68145466
1253,12.59699341,55.6847672
1254,12.59034599,55.68100155
1255,12.58863161,55.68116853
1256,12.59417151,55.68579757
1257,12.59278982,55.68446372
1259,12.6154165,55.70489621
1260,12.59008573,55.68378904
1261,12.58694628,55.68191836
1263,12.59622407,55.68876737
1264,12.58756966,55.68424184
1265,12.58943983,55.68485743
1266,12.59098837,55.68789729
1267,12.5903806,55.68828183
1268,12.59030867,55.68881006
1270,12.5908799,55.68984032
1271,12.58981807,55.68924322
1300,12.58427444,55.68266571
1301,12.58587955,55.68334448
1302,12.58409674,55.68448319
1303,12.58837636,55.68594749
1304,12.58306965,55.68333481
1306,12.58135321,55.68430724
1307,12.57998797,55.68643425
1308,12.58479357,55.6865329
1309,12.58342163,55.68721135
1310,12.59029867,55.68593955
1311,12.58380631,55.68811515
1312,12.58583966,55.68763774
1313,12.58894598,55.68703948
1314,12.58633595,55.68750826
1315,12.58791833,55.68763127
1316,12.58282835,55.68830711
1317,12.58191343,55.68896717
1318,12.58478262,55.68846582
1319,12.58712218,55.68802871
1320,12.58748743,55.68846691
1321,12.5895451,55.68791672
1322,12.58942362,55.68835925
1323,12.58573703,55.68966625
1324,12.58712585,55.68930756
1325,12.58847527,55.68932439
1326,12.58839238,55.68962824
1327,12.58723576,55.69037471
1328,12.58836924,55.68991619
1329,12.58464108,55.68914774
1350,12.57590522,55.68659617
1352,12.57310725,55.68939296
1353,12.57119575,55.68704697
1354,12.57096165,55.68980117
1355,12.5712291,55.68871643
1356,12.56804206,55.6871711
1357,12.56795624,55.68858347
1358,12.56695637,55.68056747
1359,12.56421074,55.68365009
1360,12.56656367,55.6856827
1361,12.56876693,55.68296065
1362,12.56993139,55.68488443
1363,12.56557099,55.68513437
1364,12.56643374,55.68207564
1365,12.56444325,55.68208169
1366,12.56325243,55.68207959
1367,12.56359571,55.68310746
1368,12.56378826,55.68138249
1369,12.55953017,55.68214443
1370,12.56346092,55.68484818
1371,12.56404534,55.68594651
1400,12.59681168,55.67038519
1401,12.59566443,55.67729107
1402,12.58542262,55.67280147
1403,12.5941033,55.67539344
1406,12.59344137,55.67493602
1407,12.59549054,55.67360101
1408,12.59088619,55.67363421
1409,12.58767981,55.67355505
1410,12.59114295,55.67196294
1411,12.58304583,55.6706881
1412,12.58609487,55.67059202
1413,12.58669684,55.67064899
1414,12.58974986,55.67225731
1415,12.59499761,55.67444226
1416,12.59424032,55.67286214
1417,12.59236256,55.67274948
1418,12.59016855,55.67133117
1419,12.58895097,55.67053449
1420,12.59000159,55.67073872
1421,12.58811181,55.67028252
1422,12.60083,55.67583778
1423,12.59282667,55.67073581
1424,12.59220558,55.66931315
1425,12.59425877,55.67184012
1426,12.59670167,55.67223173
1427,12.59740604,55.67501129
1428,12.59745699,55.67551144
1429,12.59825398,55.67527963
1430,12.59864182,55.67701184
1432,12.61655877,55.69425974
1433,12.72430087,55.72946145
1434,12.60345664,55.68032633
1435,12.60607236,55.6803494
1436,12.6035624,55.6760139
1437,12.60755523,55.6822005
1438,12.60018111,55.68254869
1439,12.60639558,55.68671916
1440,12.60137342,55.67308696
1441,12.6128732,55.67992992
1450,12.57305928,55.67728132
1451,12.56919359,55.6800785
1452,12.56829492,55.67954104
1453,12.57080331,55.67990502
1454,12.56955821,55.67806442
1455,12.57032224,55.67883409
1456,12.56925402,55.67731979
1457,12.57191269,55.67821919
1458,12.57201105,55.67697626
1459,12.57180355,55.67753312
1460,12.57083548,55.67662509
1461,12.57298975,55.67681948
1462,12.57177767,55.6762414
1463,12.57219443,55.67572208
1464,12.5726221,55.67644962
1465,12.57342745,55.67606578
1466,12.57412316,55.67686347
1467,12.57413846,55.67607304
1468,12.57336739,55.67552423
1470,12.57386014,55.67506238
1471,12.57499967,55.67431551
1472,12.57632308,55.67368537
1473,12.57834447,55.67232734
1550,12.56794358,55.67630637
1551,12.56484383,55.67922359
1552,12.57367758,55.67433051
1553,12.56908785,55.67455675
1554,12.56487951,55.67705334
1555,12.57512169,55.674964
1556,12.5735107,55.67354201
1557,12.57487219,55.6731643
1558,12.57714319,55.67189966
1559,12.57764517,55.67150035
1560,12.57076138,55.66666733
1561,12.56237688,55.66088444
1562,12.57484744,55.67042671
1563,12.57359465,55.67081742
1564,12.57621894,55.67242943
1567,12.57132645,55.67019634
1568,12.57277693,55.66908712
1569,12.57067539,55.67128988
1570,12.56449889,55.67358392
1571,12.57232129,55.67075323
1572,12.5730003,55.671606
1573,12.57409664,55.67173669
1574,12.57217128,55.67158961
1575,12.57057649,55.67200881
1576,12.56944432,55.67113694
1577,12.56800721,55.66901439
1600,12.56258051,55.67988681
1601,12.55937917,55.67877817
1602,12.5612736,55.67873082
1603,12.56222843,55.67925094
1604,12.5613943,55.67743294
1605,12.56106245,55.67602364
1606,12.56232778,55.67806697
1607,12.56377805,55.67858553
1608,12.56532316,55.67611495
1609,12.56377996,55.67579789
1610,12.55768339,55.67457821
1611,12.56362751,55.67518232
1612,12.56267131,55.67560841
1613,12.56162653,55.67452629
1614,12.56065848,55.67414128
1615,12.55909001,55.67390932
1616,12.55710699,55.67309834
1617,12.55457903,55.67294594
1618,12.55126144,55.67382242
1619,12.55017806,55.67376086
1620,12.55913327,55.67264298
1621,12.54769433,55.67293333
1622,12.54658832,55.67245693
1623,12.54526736,55.67193979
1624,12.54598034,55.67212888
1631,12.55548923,55.6825235
1632,12.55545314,55.68343153
1633,12.5564173,55.68231545
1634,12.55549264,55.68187637
1635,12.55627711,55.68284156
1650,12.55197362,55.66872787
1651,12.56525239,55.67129215
1652,12.56197922,55.67242389
1653,12.5609699,55.67234568
1654,12.55933466,55.67158989
1655,12.55816022,55.67121581
1656,12.55631521,55.67137912
1657,12.55581577,55.67050611
1658,12.55413977,55.67049852
1659,12.55451216,55.67182348
1660,12.55264927,55.67089792
1661,12.55188166,55.67164674
1662,12.55084057,55.67152277
1663,12.54995271,55.67061559
1664,12.54919832,55.67191845
1665,12.54858405,55.67082135
1666,12.54734503,55.66979331
1667,12.54621289,55.66906572
1668,12.54794234,55.66882907
1669,12.54769264,55.66573477
1670,12.54504302,55.66709135
1671,12.54566781,55.66825809
1672,12.54639085,55.6685544
1673,12.5465375,55.66799575
1674,12.54312616,55.6656097
1675,12.54685256,55.66647464
1676,12.54842401,55.66619152
1677,12.54700046,55.66602386
1699,12.56294693,55.66810542
1700,12.56228976,55.66964694
1701,12.56331688,55.67179515
1702,12.5637674,55.67134085
1703,12.56292145,55.67056976
1704,12.5699623,55.67305739
1705,12.54517056,55.66349423
1706,12.55994889,55.67074811
1707,12.56062207,55.6718825
1708,12.55745219,55.6696213
1709,12.55436089,55.66829956
1710,12.56287023,55.67015852
1711,12.5594416,55.66770326
1712,12.55783183,55.66837077
1714,12.5584376,55.66603571
1715,12.56063662,55.66870393
1716,12.55886941,55.66884414
1717,12.55732037,55.6670686
1718,12.55560361,55.66711053
1719,12.55476615,55.66698025
1720,12.54064325,55.66359129
1721,12.55326244,55.66624074
1722,12.55418453,55.66657955
1723,12.5522664,55.66726948
1724,12.55200311,55.66809061
1725,12.55379172,55.66565101
1726,12.55256569,55.66564743
1727,12.55157104,55.66529918
1728,12.55064723,55.66481971
1729,12.54915072,55.66458741
1730,12.54822289,55.66439813
1731,12.54688486,55.66411741
1732,12.54573859,55.66393593
1733,12.54431734,55.66368886
1734,12.54568262,55.66523209
1735,12.54537668,55.66479718
1736,12.54364271,55.66524968
1737,12.54447071,55.66484287
1738,12.54375074,55.66449069
1739,12.54299209,55.664438
1749,12.53704741,55.66952602
1750,12.5398063,55.66769158
1751,12.54477144,55.67008603
1752,12.54294527,55.67003659
1753,12.54335814,55.66961867
1754,12.54411696,55.66925047
1755,12.54272296,55.66967755
1756,12.54203009,55.66900959
1757,12.54082339,55.66915035
1758,12.54297343,55.66758517
1759,12.5432819,55.66851692
1760,12.54546668,55.66571623
1761,12.54124611,55.66772397
1762,12.54086863,55.66555484
1763,12.54207733,55.6656842
1764,12.53940436,55.66497095
1765,12.53905783,55.66440364
1766,12.54067769,55.66414411
1770,12.5365578,55.66822916
1771,12.53917356,55.66852133
1772,12.53864545,55.6682938
1773,12.53801681,55.66818798
1774,12.53904722,55.66797162
1775,12.53683801,55.66788031
1777,12.53764622,55.66702322
1799,12.53344813,55.66585361
1800,12.53600765,55.67047098
1801,12.53414281,55.6690663
1802,12.53457921,55.67007767
1803,12.53340416,55.66997053
1804,12.53225891,55.67003692
1805,12.5311529,55.66804842
1806,12.53424914,55.6721564
1807,12.53331808,55.67115759
1808,12.53426314,55.67159046
1809,12.53554461,55.6716243
1810,12.53960125,55.67146453
1811,12.53677431,55.6725422
1812,12.53698945,55.67120846
1813,12.53865345,55.67238106
1814,12.54130724,55.67153382
1815,12.54237549,55.6727428
1816,12.54338951,55.67280184
1817,12.54298543,55.6720535
1818,12.54488147,55.67247144
1819,12.54936765,55.67398318
1820,12.53462279,55.67407429
1822,12.54608419,55.67268282
1823,12.54538991,55.67285485
1824,12.54712394,55.67414951
1825,12.5454441,55.67422815
1826,12.54450577,55.67479317
1827,12.54312856,55.67472699
1828,12.5419349,55.67482887
1829,12.54143187,55.67594343
1850,12.5362512,55.67774692
1851,12.53965438,55.67572373
1852,12.53849568,55.67648934
1853,12.53701022,55.67529526
1854,12.53452691,55.67515529
1855,12.53573489,55.67620071
1856,12.53738999,55.67661415
1857,12.53561489,55.67693751
1860,12.53719762,55.68109331
1861,12.53508153,55.67979174
1862,12.53618519,55.68004417
1863,12.53725843,55.67918107
1864,12.53709225,55.6783961
1865,12.53840772,55.67906052
1866,12.53802154,55.67777926
1867,12.53980769,55.67856694
1868,12.54048726,55.67769198
1870,12.54099176,55.68052551
1871,12.54271496,55.68208484
1872,12.54486513,55.68027144
1873,12.54531212,55.67981424
1874,12.546312,55.6794665
1875,12.54439633,55.67914852
1876,12.54513765,55.67796084
1877,12.54314122,55.676822
1878,12.54447671,55.67659707
1879,12.54791386,55.67944885
1900,12.55571599,55.67568449
1901,12.54638197,55.67596832
1902,12.54764912,55.67688481
1903,12.54962625,55.67760453
1904,12.5503761,55.67662945
1905,12.55050195,55.67515882
1906,12.55138892,55.67534886
1908,12.55353922,55.67446845
1909,12.55272852,55.67558015
1910,12.55012682,55.67957423
1911,12.55287463,55.67759267
1912,12.55170183,55.67947352
1913,12.55215583,55.67825536
1914,12.55360844,55.67839105
1915,12.55191481,55.67886014
1916,12.55696888,55.67755331
1917,12.55519671,55.67684523
1920,12.54975215,55.68036477
1921,12.55335595,55.67989699
1922,12.55207833,55.68060854
1923,12.55021079,55.6811586
1924,12.55169309,55.68134585
1925,12.55346186,55.68101368
1926,12.5563497,55.68001631
1927,12.55644595,55.67936955
1928,12.55637458,55.67873506
1950,12.53569241,55.68169351
1951,12.53659621,55.68207494
1952,12.53583526,55.68244847
1953,12.53719507,55.68293731
1954,12.5391162,55.68414812
1955,12.54040474,55.6836199
1956,12.54129064,55.6833691
1957,12.54256238,55.68329671
1958,12.54339865,55.68501919
1959,12.54131491,55.68571394
1960,12.54803396,55.68501875
1961,12.54710267,55.6819061
1962,12.54653218,55.68262187
1963,12.54809396,55.68129366
1964,12.54841915,55.68439097
1965,12.54828201,55.68343992
1966,12.54945981,55.68336984
1967,12.54978855,55.68419509
1970,12.54880394,55.68275244
1971,12.55227545,55.68421574
1972,12.55268155,55.68366621
1973,12.55429159,55.68367036
1974,12.55381232,55.6822106
2000,12.51562935,55.67945641
2100,12.57364633,55.7109795
2150,12.61612961,55.72293927
2200,12.54914572,55.6940569
2300,12.6554181,55.67362511
2400,12.52876704,55.71256101
2450,12.52309722,55.64077611
2500,12.49869399,55.65941452
2600,12.39697754,55.6741838
2605,12.40439537,55.64503648
2610,12.44863533,55.68182922
2620,12.34477556,55.6869516
2625,12.36481979,55.63922355
2630,12.28083382,55.6579409
2635,12.39483896,55.58776321
2640,12.19945854,55.66357137
2650,12.46097002,55.58934868
2660,12.42233883,55.61998785
2665,12.38841202,55.61964832
2670,12.3529229,55.54103195
2680,12.26072581,55.5150734
2690,12.21374503,55.5692769
2700,12.48463422,55.70964347
2720,12.48194421,55.6883311
2730,12.42581802,55.74057031
2740,12.39724634,55.71528471
2750,12.3638449,55.73668449
2760,12.32084626,55.75323652
2765,12.28121197,55.72556424
2770,12.78698239,55.63352245
2791,12.59121712,55.5081121
2800,12.52083673,55.78572204
2820,12.53343057,55.75145806
2830,12.46836985,55.78962271
2840,12.48640452,55.81684549
2850,12.54388723,55.81751707
2860,12.48425242,55.73800813
2870,12.527951,55.73206179
2880,12.44587672,55.76191781
2900,12.56946744,55.73442051
2920,12.6282041,55.75754187
2930,12.62132919,55.79609961
2942,12.59260158,55.82842884
2950,12.64375317,55.86532817
2960,12.54954886,55.88693173
2970,12.43890506,55.88126308
2980,12.45605071,55.91992432
2990,12.51321363,55.92959715
3000,12.61245096,56.03943161
3050,12.53687938,55.9604599
3060,12.54283631,55.99425687
3070,12.59499744,56.00467892
3080,12.45560033,56.02560338
3100,12.45420474,56.10118532
3120,12.38687452,56.10714196
3140,12.5430865,56.09086037
3150,12.5478008,56.06020462
3200,12.1715219,56.01099572
3210,12.13066388,56.09457775
3220,11.95917304,56.12775807
3230,12.06980339,56.22745639
3250,12.29353244,56.16514414
3300,12.05634805,55.97774198
3310,12.06925064,55.91156813
3320,12.15008815,55.93559156
3330,12.2099944,55.8837888
3360,11.87609952,56.09213437
3370,11.97025413,55.99124483
3390,11.6705916,56.26445585
3400,12.28696917,55.92123871
3450,12.33661891,55.86605512
3460,12.41757019,55.84270608
3480,12.40200836,55.97086354
3490,12.49542003,55.99928886
3500,12.35591788,55.77912974
3520,12.35067108,55.81981968
3540,12.28059858,55.8397364
3550,12.17447416,55.85027208
3600,12.07923445,55.85479562
3630,11.91680034,55.86932225
3650,12.1609202,55.78991195
3660,12.27836793,55.80077298
3670,12.23729507,55.75497247
3700,14.40163467,54.98495945
3720,14.7409871,54.6920138
3730,15.39301087,54.87126103
3740,15.67679007,55.30340399
3751,15.02005943,55.1396331
3760,15.21574747,55.51191781
3770,14.76377199,55.36353136
3782,14.81018781,55.19264146
3790,14.52165638,55.2284316
4000,12.06373356,55.65647451
4030,12.16990416,55.59602755
4040,12.10404063,55.75603087
4050,12.01351904,55.75873813
4060,11.87375746,55.65437818
4070,11.92418149,55.70417096
4100,11.82805925,55.43053197
4130,12.00904287,55.55011926
4140,11.97092667,55.49411646
4160,11.77284465,55.32910688
4171,11.67300466,55.36237671
4173,11.66419067,55.43261731
4174,11.85552289,55.52537395
4180,11.55727004,55.40880423
4190,11.52243487,55.50160113
4200,11.37134678,55.40887345
4220,11.02962796,55.34799675
4230,11.34912168,55.17717085
4241,11.26373834,55.36414208
4242,11.26828566,55.3061459
4243,11.46287897,55.22423719
4244,11.12804101,55.22799697
4245,11.15794643,55.1182759
4250,11.55229442,55.31864081
4261,11.42947642,55.28221993
4262,11.528121,55.25079677
4270,11.30548124,55.50308551
4281,11.04711131,55.51887316
4291,11.38504044,55.55253436
4293,11.48228398,55.53579978
4295,11.57749201,55.55246779
4296,11.6485466,55.54056312
4300,11.69985606,55.73825064
4305,11.80968567,55.78240201
4320,11.95696429,55.59456942
4330,11.86940589,55.58583604
4340,11.74532267,55.61818163
4350,11.64996808,55.59017034
4360,11.78695601,55.56442046
4370,11.7241173,55.54054576
4390,11.74969494,55.66270448
4400,10.97431629,55.70601705
4420,11.60711139,55.66048124
4440,11.49619782,55.62211279
4450,11.38733175,55.61622153
4460,11.37072627,55.6969919
4470,11.29429706,55.65722471
4480,11.15168308,55.5741086
4490,11.23183281,55.61730235
4500,11.56343652,55.9928841
4520,11.48951817,55.71737311
4532,11.56410432,55.73610011
4534,11.40509,55.76162863
4540,11.37403038,55.85310811
4550,11.49734325,55.81190532
4560,11.56036901,55.84646728
4571,11.58697448,55.79587455
4572,11.62326767,55.88038731
4573,11.55659445,55.90779403
4581,11.71725292,56.01043371
4583,11.26204837,56.08627395
4591,11.27498796,55.79702076
4592,11.03916639,55.92069678
4593,11.23692126,55.7277303
4600,12.22015308,55.45527126
4621,12.08017443,55.5745913
4622,12.11265454,55.54041131
4623,12.08511883,55.50779016
4632,12.02691725,55.44838852
4640,12.12411652,55.2685839
4652,12.22317915,55.36245892
4653,12.21696415,55.29633252
4654,12.19373813,55.19490482
4660,12.51110642,55.33554618
4671,12.31112895,55.42088958
4672,12.4342892,55.44595315
4673,12.38750748,55.20085779
4681,12.14194267,55.41715543
4682,12.08719823,55.38830546
4683,12.02277028,55.23758668
4684,11.86408266,55.25979308
4690,11.95519764,55.32031014
4700,11.77357353,55.19504272
4720,12.19166049,55.12208613
4733,11.98569733,55.18127292
4735,12.06283657,55.04277496
4736,11.6361743,55.15521424
4750,11.78064612,55.10685595
4760,11.8960716,55.02464842
4771,12.15645358,55.00889353
4772,12.08817698,54.99961116
4773,12.03439585,54.97060588
4780,12.31627561,54.9362949
4791,12.7284169,54.97429881
4792,12.52545007,54.7375487
4793,12.05993905,54.92382082
4800,11.90198993,54.7930621
4840,11.78722678,54.93527293
4850,12.41175242,54.71290684
4862,11.62528305,54.90483893
4863,11.90575722,54.86008913
4871,12.29995982,54.69990623
4872,12.11248046,54.70210497
4873,11.98479974,54.66359732
4874,11.9502463,54.49608541
4880,11.74490279,54.62941506
4891,11.77556621,54.7578349
4892,11.74606046,54.70725618
4894,11.60726017,54.68554952
4895,11.53487222,54.63787516
4900,10.98835691,54.75748092
4912,10.98695965,54.90510445
4913,11.20918569,54.96838447
4920,11.29197531,54.79935911
4930,11.49815546,54.76659931
4941,11.49059609,54.83767284
4942,11.5111678,54.89908661
4943,11.36808859,55.05662783
4944,11.4069268,54.95857211
4945,11.56847203,54.9844243
4951,11.4281128,54.81506841
4952,11.37909951,54.84533107
4953,11.28637518,54.863378
4960,11.53543477,54.70172856
4970,11.57693074,54.53635729
4983,11.17254811,54.71726169
4990,11.63568865,54.8143415
5000,10.39174411,55.403021
5200,10.32843174,55.39401435
5210,10.30695242,55.41754658
5220,10.49825565,55.34929575
5230,10.4114235,55.37859541
5240,10.44332209,55.42123207
5250,10.29791607,55.35251254
5260,10.39917484,55.34939755
5270,10.35714765,55.44966319
5290,10.53251585,55.396433
5300,10.8508032,55.49807432
5320,10.48909454,55.43442698
5330,10.53070411,55.46833207
5350,10.62525952,55.40654304
5370,10.64470255,55.48986232
5380,10.7017613,55.51715531
5390,10.65770823,55.61575822
5400,10.15483531,55.6129967
5450,10.41038685,55.56662852
5462,10.19234031,55.43415758
5463,10.02916475,55.45477943
5464,9.98162512,55.49127877
5466,9.90219075,55.50180178
5471,10.08371535,55.48691259
5474,10.14425746,55.46255574
5485,10.26859858,55.51969426
5491,10.22531693,55.38883518
5492,10.13229762,55.39228422
5500,9.78489314,55.48934885
5540,10.67264084,55.38540272
5550,10.58946818,55.36672658
5560,10.03851749,55.37369367
5580,9.77417672,55.41549178
5591,9.96614107,55.39954114
5592,9.82415972,55.36518649
5600,10.30952407,55.11203154
5601,10.1289297,55.02895047
5602,10.2827681,55.00930386
5603,10.25360285,55.06201633
5610,9.8932785,55.29165859
5620,10.10343663,55.27213799
5631,9.96382534,55.13177189
5642,10.12933606,55.15062316
5672,10.25211529,55.24506199
5683,10.07032627,55.18924968
5690,10.19834407,55.3195544
5700,10.59802878,55.01443666
5750,10.42313811,55.2209888
5762,10.45011017,55.06342876
5771,10.52352287,55.12556284
5772,10.54250568,55.18424637
5792,10.3936597,55.2906707
5800,10.79790443,55.35301317
5853,10.63473931,55.2661035
5854,10.60886979,55.2122797
5856,10.54368086,55.23725238
5863,10.58601195,55.31045491
5871,10.81307692,55.23864739
5874,10.79995852,55.17539817
5881,10.76263715,55.06735111
5882,10.79980106,55.09510217
5883,10.77337328,55.11784585
5884,10.7120614,55.1496317
5892,10.63638217,55.15512414
5900,10.80968538,54.88518842
5932,10.63436277,54.81821541
5935,10.66497262,54.65753168
5943,10.58807706,54.90089651
5953,10.94268354,55.06361655
5960,10.51672958,54.85672022
5965,10.50923834,54.9345412
5970,10.33601694,54.79716403
5985,10.21809442,54.94375791
6000,9.46847631,55.50221297
6040,9.29089234,55.61664144
6051,9.46401838,55.55907816
6052,9.49835852,55.58677181
6064,9.3183142,55.55380577
6070,9.44750863,55.35487274
6091,9.55990342,55.44548525
6092,9.65720072,55.44711912
6093,9.53828204,55.4068472
6094,9.62026417,55.38893478
6100,9.61886938,55.24177268
6200,9.49975045,55.02899493
6210,9.58941416,55.1226369
6230,9.28037618,55.07437317
6240,8.96415413,55.06237954
6261,8.68091354,55.07311357
6270,8.89453488,54.95248429
6280,8.65269961,54.97473424
6300,9.55791076,54.91730187
6310,9.68079394,54.8713804
6320,9.61059297,54.90003298
6330,9.30983473,54.84549059
6340,9.46328593,54.8687306
6360,9.20354055,54.90310802
6372,9.14165594,55.01708464
6392,9.20811159,54.9843364
6400,9.71079556,54.9528525
6430,9.77014411,55.06940698
6440,10.00776445,54.98937381
6470,10.03587811,54.87308589
6500,9.31835235,55.2436827
6510,9.01601909,55.27645397
6520,9.0451996,55.18306206
6534,9.15854853,55.12832485
6535,9.05916508,55.12085206
6541,9.19750089,55.19588025
6560,9.26072776,55.32447339
6580,9.34398711,55.41366579
6600,9.11204215,55.4784284
6621,9.1837296,55.53607493
6622,9.15666611,55.58270689
6623,9.09958348,55.63499139
6630,9.14057169,55.38472069
6640,9.32882435,55.4763505
6650,8.99731666,55.49880374
6660,8.99575864,55.41777362
6670,8.90149179,55.51123399
6682,8.94671137,55.60367953
6683,8.91001913,55.43560842
6690,8.82201058,55.4813413
6700,8.46174114,55.45935717
6705,8.50670361,55.49119455
6710,8.34866677,55.55262453
6715,8.5093547,55.55332885
6720,7.56593986,55.28286185
6731,8.59046906,55.46029975
6740,8.70168486,55.46065157
6752,8.83181793,55.55973335
6753,8.82421529,55.60852142
6760,8.76358629,55.31137673
6771,8.60307494,55.37115323
6780,8.79091021,55.17738587
6792,8.29013955,55.14881868
6800,8.52854473,55.65607154
6818,8.71514348,55.5768897
6823,8.75126746,55.72123589
6830,8.22547945,55.7873441
6840,8.2413214,55.63843566
6851,8.38971082,55.63374455
6852,8.306516,55.59542013
6853,5.24215492,55.43289751
6854,4.43594447,55.71982269
6855,8.37405373,55.70803366
6857,6.6069035,55.45206547
6862,8.63263378,55.71896752
6870,8.61815877,55.79347704
6880,8.54104706,55.89016003
6893,8.33561789,55.85259869
6900,8.53885308,55.99089664
6920,8.66992988,56.08052418
6933,8.92947696,55.94883412
6940,8.42316735,56.05110041
6950,4.07461311,56.20098497
6960,4.28511819,55.93212987
6971,8.50600358,56.15361133
6973,8.52448598,56.21518023
6980,8.19684723,56.18956069
6990,8.0070526,56.3042395
7000,9.66918005,55.57103757
7080,9.67048857,55.65719788
7100,9.5066267,55.69052913
7120,9.63873738,55.7220274
7130,10.02918372,55.76046689
7140,9.78417201,55.69215915
7150,9.8978292,55.68695015
7160,9.50220604,55.87483844
7171,9.59518771,55.8358153
7173,9.42328648,55.86467774
7182,9.36512374,55.70610256
7183,9.26919785,55.67810764
7184,9.19531768,55.71507833
7190,9.10071489,55.73792043
7200,8.89887879,55.75986358
7250,8.96462269,55.69122218
7260,8.89341393,55.85051521
7270,8.82814289,55.89268974
7280,8.80469301,55.94233943
7300,9.43589642,55.76853547
7321,9.31066038,55.77031641
7323,9.2710166,55.85744681
7330,9.0912202,55.93341595
7361,9.24826265,56.02375436
7362,9.38166979,56.06515415
7400,8.98775376,56.11911505
7430,9.1925469,56.09377094
7441,9.25469883,56.15035869
7442,9.30391703,56.21005036
7451,9.02585964,56.22960774
7470,9.17419358,56.32799021
7480,8.74507312,56.18215286
7490,8.79948064,56.2699576
7500,8.58519299,56.34794414
7540,8.9740962,56.32444075
7550,8.66525292,56.25194401
7560,8.64900967,56.43288826
7570,8.27244636,56.35236537
7600,8.60339354,56.52775554
7620,8.33453584,56.54580784
7650,5.04556549,56.54689645
7660,8.33184097,56.41551889
7673,8.06400269,56.62870473
7680,6.26580665,56.86776362
7700,7.90681299,57.32370377
7730,8.33928238,57.44347291
7741,8.9170332,57.39912576
7742,9.03058677,57.00570708
7752,7.47858654,57.2597249
7755,7.21613935,57.17740891
7760,8.42909599,56.72425361
7770,6.93927002,57.02202911
7790,8.51363052,56.62765212
7800,8.99505562,56.46317549
7830,8.80020865,56.47769058
7840,9.16509632,56.59677993
7850,9.12847686,56.48444375
7860,8.82098992,56.62419195
7870,9.04159313,56.72437033
7884,9.00553893,56.84193567
7900,8.88457349,56.90798948
7950,8.69843044,56.8517685
7960,8.56443606,56.76132134
7970,8.63946767,56.73993747
7980,8.72666914,56.74842812
7990,8.70032858,56.68763915
8000,10.27802097,56.15051496
8200,10.15922351,56.20167527
8210,10.15819911,56.17162148
8220,10.06788413,56.15788265
8230,10.1605019,56.15196052
8240,10.24680782,56.18719668
8250,10.29989608,56.22214938
8260,10.13778473,56.12635244
8270,10.28961018,56.09903701
8300,10.24464778,55.92457284
8305,10.68434089,55.91180366
8310,10.13924601,56.09423322
8320,10.15312251,56.0658713
8330,10.24584275,56.06302044
8340,10.2151148,56.02634501
8350,10.05739341,55.90552571
8355,10.0866212,56.03661436
8361,10.08245179,56.10123046
8362,10.0135704,56.09369625
8370,10.0289852,56.33866468
8380,10.16086107,56.27022295
8381,10.09750556,56.18928869
8382,10.06719333,56.25949156
8400,10.82632626,56.14931257
8410,10.48173371,56.30328793
8420,10.45208963,56.15222183
8444,11.11035786,56.20496905
8450,9.8817943,56.26356721
8462,9.99991491,56.14059283
8464,9.91179535,56.17800104
8471,10.01547147,56.21127538
8472,9.83610781,56.20907595
8500,11.08217337,56.43069147
8520,10.22716475,56.24438884
8530,10.20502083,56.29464717
8541,10.36793908,56.26151082
8543,10.29717181,56.33260256
8544,10.38246065,56.35508218
8550,10.50027849,56.38481233
8560,10.61106988,56.34682936
8570,10.74217288,56.36287517
8581,10.53988094,56.42793946
8585,10.64766235,56.58757292
8586,10.62703709,56.44956016
8592,11.49010919,56.77566641
8600,9.4900253,56.17147071
8620,9.39095532,56.2882506
8632,9.55711799,56.24319222
8641,9.77449496,56.17906349
8643,9.6247327,56.28777753
8653,9.55044283,56.08668443
8654,9.47060993,56.02488921
8660,9.89235588,56.02388208
8670,9.79899795,56.14838747
8680,9.71786836,56.08481116
8700,9.89301425,55.86597915
8721,9.70789065,55.72499013
8722,9.71130088,55.76508387
8723,9.69416947,55.81385497
8732,9.98616441,55.95626604
8740,9.59236493,55.96052136
8751,9.86197889,55.93439431
8752,9.75712583,55.96885636
8762,9.66642959,55.89442946
8763,9.6137501,55.87835123
8765,9.48555987,55.92463273
8766,9.41496508,55.96381394
8781,9.80232769,55.79039351
8783,9.85180061,55.76234096
8789,10.30820541,55.75329623
8799,10.44454187,55.9486075
8800,9.36897659,56.41681148
8830,9.60208409,56.49762699
8831,9.32656972,56.51759246
8832,9.35963562,56.59071095
8840,9.50444327,56.35360504
8850,9.64257403,56.36051392
8860,9.78710533,56.3800683
8870,9.90941177,56.3806496
8881,9.79439741,56.3103006
8882,9.70492587,56.27196318
8883,9.73984728,56.22223999
8900,10.0331817,56.46401254
8920,9.88044731,56.48050883
8930,10.1724293,56.50265825
8940,10.01231946,56.41476356
8950,10.32882868,56.53413791
8960,10.17671406,56.42912946
8961,10.49037138,56.49705855
8963,10.38424574,56.42921057
8970,10.26167957,56.6517573
8981,10.0192493,56.54082727
8983,10.10165114,56.58244324
8990,9.84538694,56.55632319
9000,9.8350492,57.05171431
9200,9.86220561,57.00928951
9210,9.93295578,56.9991663
9220,10.00949733,57.05425152
9230,9.86815189,56.9647583
9240,9.57985536,56.94881207
9260,10.01379029,56.93195612
9270,10.05559807,57.01911272
9280,10.27569023,56.91678716
9293,10.1135906,56.89578273
9300,10.57327556,57.2843629
9310,10.09257652,57.09538719
9320,10.13790859,57.17870119
9330,10.31020366,57.21127809
9340,10.44405468,57.13326579
9352,10.32334518,57.28497909
9362,10.1977671,57.05355839
9370,10.65368838,56.96384115
9380,9.97550463,57.12732919
9381,9.99174315,57.16265215
9382,9.9350316,57.20308117
9400,9.92809079,57.08119416
9430,9.8563612,57.11542161
9440,9.76743314,57.16282327
9460,9.5353613,57.10716869
9480,9.65510765,57.38233116
9490,9.65450533,57.20322545
9492,9.57722094,57.25739854
9493,9.69608315,57.26602114
9500,9.77366901,56.6528756
9510,9.94260419,56.76264148
9520,9.92696601,56.84944104
9530,9.80945918,56.89267972
9541,9.68119202,56.84292865
9550,10.0220988,56.63765951
9560,10.41645939,56.77688954
9574,10.12654857,56.8298458
9575,10.04422607,56.81450196
9600,9.49610809,56.80003403
9610,9.63042311,56.74794316
9620,9.4967184,56.69297871
9631,9.36542938,56.69090841
9632,9.50805968,56.6088695
9640,9.27748567,56.77310507
9670,9.30949603,56.95819912
9681,9.12839085,56.89861349
9690,9.20878724,57.12742277
9700,9.88277134,57.28432949
9740,10.11084423,57.29699349
9750,10.27081316,57.34034984
9760,9.87742317,57.37190853
9800,9.2956345,57.70230652
9830,10.14317436,57.37825187
9850,9.71496643,57.94281241
9870,10.24075136,57.4674892
9881,10.23668023,57.57139797
9900,10.72500277,57.52270103
9940,11.14575743,57.18887848
9970,10.52915912,57.51074154
9981,10.43874206,57.53549926
9982,10.40473272,57.60572774
9990,10.48570715,57.85540126
